"test_id","student_id","parental_level_of_education","lunch_plan","test_preparation_course"
456,"001F77FB52EB",4.0,1.0,"COMPLETED"
446,"00286B0CC7E8",3.0,2.0,"NONE"
897,"0059A6F2ADF5",2.0,2.0,"COMPLETED"
988,"00924D20099D",4.0,2.0,"COMPLETED"
364,"00A29B9734B4",2.0,2.0,"NONE"
117,"00A86A3C467B",6.0,1.0,"NONE"
25,"00E7C83E7D03",1.0,2.0,"NONE"
220,"0122E35F1919",3.0,2.0,"NONE"
919,"0161F5927B78",2.0,2.0,"NONE"
655,"029F2F46E208",1.0,2.0,"COMPLETED"
434,"0304022FC741",2.0,2.0,"COMPLETED"
923,"033172297292",3.0,2.0,"COMPLETED"
453,"033D1D1734FE",5.0,1.0,"NONE"
81,"035827F94A61",6.0,1.0,"NONE"
360,"03C440C5199C",2.0,1.0,"NONE"
976,"03CCCA86CF64",2.0,2.0,"COMPLETED"
677,"03E9B1593CBA",1.0,2.0,"COMPLETED"
674,"0409A342D107",2.0,1.0,"NONE"
935,"0445FC9B4632",1.0,1.0,"COMPLETED"
959,"04495CEFE495",6.0,2.0,"COMPLETED"
970,"04C3C0632C23",5.0,2.0,"COMPLETED"
417,"05A1EBB67463",3.0,1.0,"NONE"
324,"0627DDC78F2B",2.0,2.0,"COMPLETED"
161,"06434770BAC4",4.0,1.0,"COMPLETED"
250,"06F57C0CE294",3.0,2.0,"NONE"
404,"078C9D6C7846",2.0,2.0,"NONE"
255,"07A1A2FDE3EC",2.0,2.0,"COMPLETED"
461,"08295C79993F",5.0,1.0,"COMPLETED"
31,"0849A9259271",1.0,1.0,"NONE"
830,"08E6DDE2B401",5.0,1.0,"COMPLETED"
766,"09583E86500A",2.0,2.0,"COMPLETED"
458,"098D3CC1683B",4.0,1.0,"COMPLETED"
683,"0A2F3D1EAC79",1.0,2.0,"COMPLETED"
59,"0A4DFCB22E3E",3.0,2.0,"NONE"
713,"0A715CA3393F",6.0,1.0,"NONE"
148,"0AACB8FF24B4",1.0,2.0,"NONE"
874,"0B184DE679DF",2.0,2.0,"COMPLETED"
1000,"0B34820D8833",3.0,2.0,"COMPLETED"
885,"0B7376C9C407",4.0,1.0,"COMPLETED"
405,"0B93C820D727",4.0,2.0,"COMPLETED"
902,"0C108BF0169F",1.0,2.0,"NONE"
646,"0C2C7A7D9F06",2.0,2.0,"NONE"
748,"0C88704B3A92",5.0,2.0,"COMPLETED"
879,"0CAC5F6B3996",2.0,2.0,"COMPLETED"
435,"0D2E9EB0A950",3.0,1.0,"NONE"
236,"0D61BA602316",1.0,2.0,"NONE"
998,"0DB4F0C08BD8",5.0,2.0,"COMPLETED"
852,"0DED9F9A8E71",4.0,2.0,"NONE"
790,"0E13F6C2C762",1.0,1.0,"COMPLETED"
610,"0E53E811B61E",2.0,1.0,"COMPLETED"
718,"0E5CF28C44E4",3.0,2.0,"NONE"
379,"0ED9E08A488F",5.0,2.0,"NONE"
924,"0EF3C5297A89",3.0,2.0,"NONE"
378,"1032999DACF8",5.0,2.0,"NONE"
334,"1036AB4B89A5",5.0,2.0,"NONE"
14,"1065E531486A",2.0,2.0,"NONE"
892,"10A59A9DEFE2",4.0,2.0,"COMPLETED"
233,"1130955A6644",4.0,1.0,"NONE"
629,"11773EC36EC1",2.0,2.0,"NONE"
911,"1243543B5EFD",3.0,2.0,"COMPLETED"
12,"1272940F8AEF",3.0,2.0,"NONE"
560,"12B92F8CBA64",2.0,2.0,"NONE"
971,"12F1FE1AF216",6.0,1.0,"COMPLETED"
336,"1329C72D8787",2.0,1.0,"NONE"
775,"13BE594AEFDB",2.0,2.0,"NONE"
712,"1419793DEED9",4.0,2.0,"NONE"
54,"141E27304EDF",4.0,2.0,"NONE"
353,"145B74D5CDD6",3.0,2.0,"NONE"
33,"146C5610BBF5",5.0,1.0,"COMPLETED"
78,"14767BD4E13A",4.0,2.0,"NONE"
262,"14B7CC4AEB5B",5.0,2.0,"NONE"
491,"15105D5AE66F",3.0,1.0,"NONE"
277,"1526707671A1",4.0,2.0,"NONE"
24,"153D811E08FB",1.0,1.0,"NONE"
287,"157A83960377",6.0,2.0,"NONE"
120,"157D23B47BBF",2.0,2.0,"NONE"
186,"15BAA7386610",2.0,1.0,"NONE"
251,"15C2005F8BE6",2.0,1.0,"NONE"
68,"164394D24A13",2.0,1.0,"COMPLETED"
112,"165285871EF4",3.0,2.0,"NONE"
793,"16649925C023",3.0,2.0,"COMPLETED"
223,"168F35937296",1.0,1.0,"NONE"
877,"16B945B4F6A3",5.0,2.0,"NONE"
217,"16DC7150CCD8",4.0,1.0,"COMPLETED"
108,"17106B3281C1",4.0,1.0,"NONE"
151,"172F932A5471",4.0,2.0,"NONE"
187,"1761EAEB10A9",2.0,2.0,"NONE"
416,"17DEC51E5DFC",3.0,2.0,"COMPLETED"
149,"1898EAD6447B",3.0,2.0,"COMPLETED"
822,"18CBFA9D3A9F",1.0,2.0,"NONE"
159,"18E9521269A3",5.0,1.0,"NONE"
89,"18F422B236A7",5.0,1.0,"NONE"
118,"19722F5952DD",1.0,2.0,"NONE"
313,"198BC28F4C79",1.0,2.0,"NONE"
109,"19D32C291DDF",5.0,1.0,"NONE"
279,"1A0A099A44C9",3.0,2.0,"COMPLETED"
399,"1A13D6CCAE8E",3.0,1.0,"COMPLETED"
544,"1A41D5CC16B9",2.0,1.0,"COMPLETED"
225,"1A9B276FB346",5.0,2.0,"NONE"
937,"1AA86235A6D3",4.0,2.0,"NONE"
348,"1AAE34AE28EB",4.0,2.0,"COMPLETED"
909,"1AB55D32677B",3.0,2.0,"NONE"
318,"1AD236703C0A",4.0,1.0,"NONE"
541,"1AF90CE789E2",2.0,2.0,"NONE"
422,"1B88E8DF360F",3.0,1.0,"NONE"
213,"1BD6E6A550A1",2.0,1.0,"COMPLETED"
649,"1C0C676F6404",2.0,1.0,"NONE"
698,"1C12888E215A",6.0,2.0,"COMPLETED"
295,"1C1ADA4E9E7F",1.0,2.0,"NONE"
800,"1C6E72EE226E",2.0,2.0,"COMPLETED"
783,"1C9DDA9C4CBB",4.0,2.0,"COMPLETED"
429,"1D6A51BCD702",4.0,2.0,"COMPLETED"
141,"1E4760172997",3.0,1.0,"NONE"
176,"1EFC92B0F8CA",1.0,2.0,"NONE"
367,"1F1950AD9E3C",3.0,2.0,"COMPLETED"
204,"1F1DB4F82983",5.0,2.0,"COMPLETED"
160,"1F51FFB81525",2.0,1.0,"COMPLETED"
715,"1F5C0DB56347",1.0,2.0,"NONE"
559,"1FE8E2345AEC",6.0,1.0,"NONE"
470,"2071184615A3",2.0,1.0,"COMPLETED"
832,"2096CE6C860C",4.0,1.0,"NONE"
918,"20C92DB730F1",3.0,1.0,"NONE"
611,"20D059A58CAA",2.0,1.0,"NONE"
565,"211BCA3E5FEE",3.0,2.0,"NONE"
750,"2125640ECC02",4.0,2.0,"COMPLETED"
588,"21D6F8F21AA2",3.0,1.0,"NONE"
772,"21D71B2E128A",1.0,2.0,"NONE"
96,"224EB4ACD536",4.0,2.0,"NONE"
346,"22568EDE52C4",3.0,1.0,"NONE"
164,"226840CABC14",1.0,2.0,"NONE"
105,"226866F9C863",2.0,2.0,"COMPLETED"
851,"22A3124CE238",6.0,2.0,"COMPLETED"
625,"22AF361EB8BC",2.0,2.0,"NONE"
450,"22DD464BA2AB",3.0,1.0,"NONE"
466,"22E7A1158638",3.0,2.0,"NONE"
127,"2307B5AF2A5A",6.0,1.0,"COMPLETED"
413,"233208F4FE32",6.0,2.0,"COMPLETED"
467,"23498828DBAD",4.0,1.0,"NONE"
355,"2387ECDB2D21",4.0,2.0,"NONE"
244,"2397396066FF",2.0,2.0,"NONE"
794,"23EC1BD20ABE",3.0,2.0,"COMPLETED"
354,"240766E80C3D",1.0,2.0,"NONE"
16,"2428CA231380",1.0,2.0,"NONE"
907,"24B89DBFFA60",1.0,2.0,"COMPLETED"
177,"24CF63F300D2",6.0,1.0,"NONE"
391,"254077DBC4D5",3.0,1.0,"COMPLETED"
778,"25EDF5FE7661",3.0,1.0,"COMPLETED"
866,"2628B6C73823",3.0,1.0,"NONE"
8,"26663929B9D5",2.0,1.0,"NONE"
267,"267964940168",3.0,1.0,"NONE"
319,"270901840C45",5.0,2.0,"NONE"
723,"274622CB9E2B",1.0,2.0,"COMPLETED"
199,"278DEF78BEC1",4.0,1.0,"NONE"
264,"27C73E600CC0",4.0,1.0,"NONE"
393,"27F80CDA66D5",3.0,2.0,"NONE"
111,"28017C810D08",2.0,1.0,"NONE"
366,"2885445CF71F",5.0,2.0,"NONE"
762,"28AC86821ED4",2.0,2.0,"COMPLETED"
856,"28C179918559",2.0,1.0,"NONE"
315,"29D5420C7B8E",3.0,2.0,"NONE"
567,"2A238AE66A67",3.0,2.0,"NONE"
941,"2A28170EA799",4.0,2.0,"COMPLETED"
759,"2A3EFCBB1621",5.0,2.0,"NONE"
896,"2A5EA8897879",4.0,2.0,"COMPLETED"
426,"2A8732C4F5C2",6.0,1.0,"NONE"
709,"2B3E643FA766",1.0,2.0,"NONE"
293,"2BB66599B20D",3.0,2.0,"COMPLETED"
421,"2C2CADABA5B9",4.0,2.0,"NONE"
931,"2CA5D66C2B57",5.0,2.0,"NONE"
609,"2D41B37D0255",1.0,2.0,"COMPLETED"
787,"2DA879154519",2.0,2.0,"NONE"
9,"2DF8539DE639",2.0,1.0,"NONE"
672,"2E217CBBFD14",1.0,2.0,"COMPLETED"
411,"2E3EA6868028",3.0,2.0,"NONE"
472,"2E57E622CA59",6.0,2.0,"COMPLETED"
168,"2E726A491B81",6.0,2.0,"COMPLETED"
969,"2E7E5693DF2B",5.0,2.0,"NONE"
861,"2EACDC900E12",3.0,2.0,"COMPLETED"
645,"2ED3BCFBF98E",4.0,2.0,"COMPLETED"
7,"2F0C6D6AA452",4.0,1.0,"NONE"
90,"2F36BFFD67B4",3.0,1.0,"NONE"
984,"2F3AFBD37AF5",5.0,2.0,"COMPLETED"
882,"2F413E4EE22D",1.0,2.0,"NONE"
253,"2FDB4F923A22",4.0,1.0,"NONE"
307,"2FF132E08CA3",1.0,2.0,"NONE"
123,"3005C243B257",2.0,2.0,"NONE"
18,"3049A95E9F66",3.0,2.0,"COMPLETED"
304,"305E9F1AA67D",4.0,1.0,"NONE"
55,"308CB08FF368",4.0,1.0,"NONE"
570,"30B694BB28A7",3.0,2.0,"COMPLETED"
21,"315438036B3A",2.0,1.0,"NONE"
810,"31590F7B7763",4.0,1.0,"COMPLETED"
803,"320181ACE77A",5.0,2.0,"NONE"
414,"321E963F5D2A",5.0,2.0,"NONE"
685,"325C2D277D3F",2.0,1.0,"COMPLETED"
137,"3276FF5247AB",1.0,2.0,"NONE"
490,"32B495DE2EE2",3.0,1.0,"NONE"
528,"32FA3310B17C",5.0,2.0,"COMPLETED"
967,"332285B6EBDC",2.0,2.0,"COMPLETED"
163,"334CD50F9DEB",1.0,1.0,"COMPLETED"
335,"3369487B6030",4.0,1.0,"NONE"
34,"338D452B1F05",3.0,2.0,"NONE"
619,"339F9AA99514",2.0,2.0,"COMPLETED"
786,"33E7E16B6081",4.0,2.0,"COMPLETED"
953,"344AA8D3FA25",1.0,2.0,"COMPLETED"
958,"347250BD864D",5.0,2.0,"COMPLETED"
543,"352996286170",6.0,1.0,"NONE"
594,"35458460B846",1.0,2.0,"NONE"
444,"35587BE80172",4.0,2.0,"NONE"
789,"358CEF526D9E",5.0,1.0,"NONE"
682,"35A31E2FB72F",1.0,2.0,"COMPLETED"
377,"35AF11AEA790",1.0,2.0,"COMPLETED"
805,"35F14201AF59",4.0,2.0,"NONE"
441,"36D5545BFA4D",3.0,1.0,"NONE"
179,"36F499DE4744",2.0,1.0,"COMPLETED"
131,"36FEF26338A0",2.0,1.0,"NONE"
322,"3720461F4483",5.0,1.0,"NONE"
711,"37519D30A333",5.0,2.0,"NONE"
894,"3767E44F3D48",3.0,2.0,"COMPLETED"
19,"377BA9A6E418",1.0,1.0,"NONE"
232,"37808CD38737",1.0,2.0,"COMPLETED"
818,"37A85E7A9749",4.0,2.0,"COMPLETED"
400,"3806A01744EC",4.0,2.0,"NONE"
144,"382B60906C52",6.0,2.0,"NONE"
344,"38A756689D01",4.0,1.0,"COMPLETED"
936,"38C241BD0FED",4.0,1.0,"COMPLETED"
241,"38CD7CA404EF",1.0,1.0,"NONE"
363,"394A549666A0",3.0,2.0,"NONE"
134,"395856098203",4.0,1.0,"NONE"
70,"395FE2E19FE6",1.0,2.0,"NONE"
720,"39719261D1BF",3.0,2.0,"NONE"
37,"398EDC8D7360",4.0,1.0,"NONE"
424,"39FA45B7DC20",4.0,2.0,"NONE"
704,"3B399EA04CF2",4.0,1.0,"NONE"
146,"3BDD8AD15E95",2.0,1.0,"NONE"
821,"3BFA1D44412E",3.0,1.0,"COMPLETED"
835,"3C28706699FF",3.0,2.0,"COMPLETED"
616,"3C533912A0FA",2.0,2.0,"COMPLETED"
198,"3CC1A93E1853",2.0,2.0,"COMPLETED"
63,"3D4C08D7EE27",4.0,2.0,"NONE"
278,"3D8DC159614F",1.0,2.0,"NONE"
536,"3D9017734B99",3.0,2.0,"COMPLETED"
700,"3DAA4AA75CB6",1.0,2.0,"NONE"
980,"3DBCE4CA0A9C",2.0,2.0,"COMPLETED"
67,"3DDC3A3C0417",6.0,1.0,"NONE"
721,"3E802BC8F946",4.0,2.0,"COMPLETED"
776,"3EEA16DB60B1",3.0,1.0,"COMPLETED"
479,"3F8284ED2793",5.0,1.0,"COMPLETED"
913,"3FDAB6F305D8",3.0,1.0,"COMPLETED"
271,"402093B50F07",1.0,1.0,"NONE"
48,"40556FA30792",5.0,2.0,"NONE"
602,"4058B111F4FF",4.0,2.0,"NONE"
591,"40AC24919374",3.0,2.0,"NONE"
153,"411FA5DF14A0",3.0,1.0,"NONE"
808,"4196D5803C25",5.0,2.0,"COMPLETED"
545,"419BAB44F9B4",3.0,2.0,"NONE"
751,"41A28855086B",3.0,2.0,"COMPLETED"
386,"41D102A9B781",2.0,1.0,"COMPLETED"
445,"4221B685538D",5.0,1.0,"NONE"
71,"4268FC1BBF04",1.0,1.0,"COMPLETED"
804,"42EAD879A019",2.0,2.0,"NONE"
820,"42F0AA2F9D91",4.0,2.0,"NONE"
845,"42FB56EC8C78",4.0,2.0,"NONE"
974,"432269DF3FF6",1.0,2.0,"COMPLETED"
221,"4322895D34FF",1.0,2.0,"NONE"
468,"434FE647F2B5",2.0,2.0,"NONE"
495,"43E1519F2042",1.0,2.0,"NONE"
526,"43E44C1EBD17",3.0,1.0,"NONE"
170,"4403A800FA0C",1.0,2.0,"NONE"
216,"446C38A82833",1.0,2.0,"NONE"
263,"4473581D28E3",6.0,2.0,"NONE"
917,"44A085BE590E",4.0,2.0,"COMPLETED"
765,"44D1D8189B94",2.0,2.0,"COMPLETED"
497,"45066AC412F5",4.0,2.0,"NONE"
326,"451048AA3C25",2.0,1.0,"NONE"
180,"459116B06019",3.0,2.0,"NONE"
246,"45C2B209B3B3",2.0,2.0,"NONE"
270,"45D15C5E203A",2.0,1.0,"NONE"
298,"45FE852B31C8",4.0,1.0,"NONE"
439,"47391A9A8ACD",4.0,2.0,"NONE"
281,"4739DDD476DC",3.0,2.0,"NONE"
901,"47FBC06F7B7E",2.0,2.0,"COMPLETED"
303,"4802DCF935A0",1.0,2.0,"NONE"
449,"48308204DEAB",3.0,2.0,"NONE"
860,"484AE33D75C2",2.0,2.0,"COMPLETED"
72,"48547B1FCFE0",1.0,2.0,"NONE"
345,"48BDB417D917",1.0,1.0,"NONE"
555,"48DAABACAE14",1.0,2.0,"COMPLETED"
3,"493EFBA51280",1.0,1.0,"NONE"
699,"4948C2745C80",3.0,2.0,"COMPLETED"
870,"494F29C45DCC",5.0,2.0,"COMPLETED"
150,"49B485B1DFF6",1.0,2.0,"NONE"
430,"49BA5F7B8BCA",2.0,1.0,"COMPLETED"
510,"4A1ABE7D39C9",5.0,2.0,"NONE"
418,"4A333A23C5D0",1.0,2.0,"NONE"
865,"4A4F86CD223A",3.0,2.0,"COMPLETED"
550,"4A5D8A4FD2B4",5.0,2.0,"NONE"
843,"4A660B4E1D12",3.0,2.0,"NONE"
74,"4A92F11EF803",3.0,1.0,"NONE"
57,"4AE08C879D70",3.0,2.0,"NONE"
328,"4B059F14F68D",1.0,1.0,"COMPLETED"
1,"4C25D2D418EC",2.0,2.0,"NONE"
956,"4C6303134A1E",5.0,1.0,"COMPLETED"
215,"4CA8AC460BAD",1.0,1.0,"NONE"
642,"4CC92A9ECFD3",4.0,1.0,"NONE"
52,"4D766AFEF073",3.0,1.0,"COMPLETED"
557,"4E013FE63B70",1.0,2.0,"NONE"
147,"4EFBB6761292",1.0,2.0,"NONE"
299,"4F1D3DD077AD",3.0,2.0,"NONE"
639,"4F8E13C5777B",2.0,2.0,"COMPLETED"
883,"4FE1456322D6",5.0,2.0,"NONE"
535,"4FEF1470383C",1.0,2.0,"COMPLETED"
257,"501A0C75823D",2.0,2.0,"COMPLETED"
562,"50FF5F86E68D",5.0,1.0,"NONE"
47,"511F8AF7443A",6.0,2.0,"NONE"
196,"514359F1B74D",2.0,1.0,"NONE"
130,"515A86600BEB",3.0,2.0,"NONE"
185,"5189121EA9A3",5.0,1.0,"NONE"
212,"5189D8C1F336",4.0,2.0,"NONE"
88,"51A8CC09F9FF",2.0,2.0,"NONE"
604,"51D6F3E69095",5.0,2.0,"NONE"
985,"51EE8B706538",3.0,2.0,"COMPLETED"
197,"5231F7FC4320",5.0,1.0,"COMPLETED"
660,"52A74FEAFA2B",3.0,2.0,"COMPLETED"
294,"52C681C4BB58",3.0,2.0,"COMPLETED"
39,"52CD9A8E44CB",1.0,2.0,"NONE"
183,"5336CCAB317E",5.0,2.0,"NONE"
819,"535324A831C9",6.0,2.0,"NONE"
730,"539454A178CB",6.0,2.0,"COMPLETED"
997,"539B36A54321",5.0,2.0,"COMPLETED"
240,"54200F61AF70",1.0,1.0,"COMPLETED"
273,"544662C2A4EE",2.0,1.0,"COMPLETED"
460,"5450C151A48E",3.0,2.0,"COMPLETED"
478,"54750234029D",5.0,2.0,"NONE"
520,"550757E1C0B3",2.0,2.0,"NONE"
898,"5588DD6C0456",4.0,2.0,"COMPLETED"
657,"563ADEA2D777",2.0,2.0,"COMPLETED"
945,"56747CA55ADC",5.0,2.0,"NONE"
316,"56814287F614",4.0,2.0,"NONE"
791,"5696B5A4EE70",2.0,2.0,"NONE"
83,"56A440B24863",1.0,2.0,"NONE"
837,"56B21BB78916",1.0,2.0,"COMPLETED"
792,"5735592E2F04",3.0,2.0,"NONE"
950,"573BC4E4E417",5.0,1.0,"COMPLETED"
653,"57789A1110EB",4.0,2.0,"COMPLETED"
569,"57C7975F7905",4.0,2.0,"NONE"
899,"57F3F42BD944",5.0,2.0,"COMPLETED"
996,"585A3A9258FD",4.0,2.0,"COMPLETED"
226,"589C6B138C1A",3.0,2.0,"NONE"
265,"58F192B5E015",4.0,1.0,"NONE"
2,"592288068D0E",1.0,2.0,"NONE"
320,"59981EEA96CE",4.0,1.0,"COMPLETED"
859,"5A1249CDF04E",4.0,2.0,"COMPLETED"
815,"5A45CFCB4819",3.0,1.0,"NONE"
893,"5A61416FBF21",3.0,2.0,"COMPLETED"
539,"5A8AE4B9B146",4.0,2.0,"COMPLETED"
64,"5ADF231C953C",1.0,2.0,"NONE"
960,"5AF08359EDB6",1.0,2.0,"COMPLETED"
234,"5BFE009AF2B7",4.0,1.0,"NONE"
949,"5C43B9A2C33B",5.0,2.0,"NONE"
174,"5C4D3C4A8FAF",3.0,2.0,"NONE"
231,"5C6E4E772A46",2.0,1.0,"NONE"
628,"5C998F62377E",2.0,1.0,"NONE"
394,"5D962802996C",3.0,1.0,"NONE"
878,"5DA75D60A08F",4.0,2.0,"NONE"
327,"5DF8FAAFB299",3.0,2.0,"NONE"
801,"5DFC51D3BB3C",5.0,2.0,"NONE"
694,"5E2828C74273",5.0,2.0,"NONE"
133,"5E330507B99D",3.0,1.0,"NONE"
547,"5E47FD12696B",3.0,2.0,"COMPLETED"
849,"5E739E6D8A2E",2.0,2.0,"COMPLETED"
717,"5E84F1380970",4.0,2.0,"NONE"
214,"5E8E25E0E08D",3.0,2.0,"NONE"
36,"5E9849FC981D",4.0,1.0,"NONE"
140,"5EC54A3634C4",2.0,1.0,"NONE"
119,"5F73E8A5C12D",2.0,1.0,"NONE"
938,"5F8BCBBE8780",4.0,2.0,"COMPLETED"
500,"60258D646DDB",1.0,2.0,"NONE"
190,"605AC17D0204",1.0,2.0,"NONE"
82,"6078960BD537",6.0,1.0,"NONE"
733,"60B7C15BF23C",1.0,2.0,"COMPLETED"
991,"60D2154DAB86",5.0,2.0,"NONE"
87,"6129D3AA7E7F",5.0,2.0,"NONE"
652,"6165661F1FD3",2.0,2.0,"COMPLETED"
630,"61713BB4AFCE",3.0,2.0,"COMPLETED"
552,"619D49540715",5.0,1.0,"NONE"
29,"619F8FAA4668",3.0,2.0,"NONE"
116,"61A8766708E7",3.0,2.0,"NONE"
247,"61C8C5733BB5",4.0,1.0,"NONE"
376,"61FAA8D38819",5.0,2.0,"COMPLETED"
522,"621B0AA39775",4.0,1.0,"NONE"
28,"62475ADCE79B",1.0,1.0,"NONE"
222,"62AC5143150B",4.0,2.0,"NONE"
942,"62CB56474A7A",3.0,1.0,"COMPLETED"
690,"62E4CAED39FD",4.0,2.0,"COMPLETED"
631,"630BB8BB6794",6.0,1.0,"COMPLETED"
406,"63188317312F",4.0,1.0,"NONE"
887,"6442CBCC4037",5.0,2.0,"NONE"
381,"6470DBE6EB35",4.0,1.0,"NONE"
512,"6481B5D6B762",4.0,2.0,"NONE"
501,"64A37879240B",5.0,2.0,"NONE"
493,"64EDA4262789",1.0,2.0,"COMPLETED"
205,"6578EB41D207",1.0,1.0,"NONE"
152,"65849BDF3E9C",4.0,1.0,"COMPLETED"
415,"6609C7960EAA",3.0,1.0,"COMPLETED"
155,"6670670DE4A0",1.0,1.0,"COMPLETED"
661,"66F1CCAB0182",3.0,2.0,"NONE"
488,"67408F770515",2.0,2.0,"NONE"
972,"677C00429B6D",4.0,2.0,"NONE"
706,"6794DCBE9181",3.0,2.0,"COMPLETED"
374,"67986BFFBF51",3.0,2.0,"NONE"
546,"67E87F36DDEC",5.0,2.0,"COMPLETED"
986,"6806D8C56948",6.0,2.0,"NONE"
644,"680CF5F7AEEF",2.0,2.0,"NONE"
436,"685E2F3C546D",4.0,1.0,"NONE"
961,"694905FF027C",3.0,2.0,"NONE"
110,"6A89E12B5DEC",2.0,2.0,"NONE"
79,"6AB2F507F1B1",1.0,2.0,"COMPLETED"
530,"6ABE33B6BD9E",3.0,1.0,"COMPLETED"
38,"6B156B454D40",2.0,2.0,"NONE"
738,"6B188C86D3BB",2.0,2.0,"NONE"
280,"6C0FC39AFD0F",4.0,2.0,"NONE"
338,"6C4962F3F175",4.0,1.0,"NONE"
992,"6C6C51C7790D",5.0,2.0,"COMPLETED"
383,"6CD0DF673D58",1.0,2.0,"NONE"
605,"6CE52C7A48DE",4.0,2.0,"NONE"
489,"6D3F608FE710",4.0,1.0,"NONE"
332,"6D564E40A439",5.0,2.0,"NONE"
747,"6D90AC5C0251",6.0,2.0,"NONE"
876,"6E39B11464EC",3.0,2.0,"NONE"
10,"6E574745ADFD",1.0,2.0,"NONE"
915,"6E62EDEEC905",2.0,2.0,"NONE"
955,"6EE914FC1236",4.0,2.0,"NONE"
678,"6EE9A7526F8F",5.0,2.0,"COMPLETED"
906,"6F065B77DFD5",5.0,1.0,"COMPLETED"
286,"6F91658B6649",3.0,2.0,"NONE"
502,"6FC0071A7924",3.0,1.0,"NONE"
156,"6FD841149FEC",3.0,1.0,"NONE"
796,"6FFE4CE605E7",3.0,2.0,"NONE"
855,"70318659DA49",4.0,2.0,"NONE"
92,"707E7440EA76",5.0,1.0,"NONE"
875,"70FF58B9C7DD",6.0,2.0,"NONE"
143,"71056FB2AD17",3.0,2.0,"NONE"
863,"714CD6449C5A",4.0,2.0,"COMPLETED"
962,"71C6C7E89DB8",1.0,2.0,"COMPLETED"
558,"723E537F641E",2.0,1.0,"NONE"
659,"7286040E7974",2.0,2.0,"NONE"
862,"7286421C667B",4.0,2.0,"COMPLETED"
586,"72E5D0E6DA12",1.0,2.0,"NONE"
191,"736B4EA905FB",3.0,2.0,"NONE"
841,"7379CFC3AC91",5.0,1.0,"COMPLETED"
643,"738618B83B57",1.0,2.0,"NONE"
982,"738FFAD6D082",5.0,2.0,"COMPLETED"
968,"73DB180358CD",3.0,2.0,"NONE"
842,"743680BE1054",6.0,2.0,"NONE"
260,"74512218FBE9",6.0,2.0,"NONE"
812,"746053366BAE",4.0,1.0,"NONE"
175,"7497EC3330F0",4.0,1.0,"NONE"
107,"74B8C805F3D9",3.0,2.0,"COMPLETED"
666,"74D18C5B476A",4.0,1.0,"COMPLETED"
509,"74FBBB154C39",1.0,2.0,"NONE"
238,"75098DACE4FD",3.0,1.0,"NONE"
484,"7547755F36C2",5.0,2.0,"NONE"
912,"755F04082BAB",4.0,1.0,"COMPLETED"
603,"7586562AAF7E",1.0,2.0,"COMPLETED"
755,"75B5503ACB0F",3.0,1.0,"COMPLETED"
369,"75B650A5FA2E",4.0,2.0,"NONE"
188,"75FFFC0FB397",2.0,2.0,"NONE"
389,"760EE84C6AA7",2.0,2.0,"NONE"
593,"762DE13EC60E",2.0,2.0,"COMPLETED"
481,"7676195ABF74",2.0,2.0,"NONE"
473,"76BB9D890DD5",3.0,2.0,"NONE"
634,"76FF6E4F240C",2.0,2.0,"NONE"
638,"771D0BC4FB5E",1.0,2.0,"NONE"
761,"772F18D7EF4A",6.0,2.0,"NONE"
825,"77AF04C9984F",3.0,2.0,"NONE"
469,"77CBC1086423",1.0,2.0,"NONE"
282,"77E4A818DBC7",6.0,1.0,"NONE"
485,"77F5F1800B95",5.0,2.0,"COMPLETED"
51,"7811A6F2B2B7",3.0,2.0,"NONE"
689,"782682A38E93",3.0,2.0,"COMPLETED"
184,"7835B3AF6B18",3.0,1.0,"NONE"
49,"7843A89BA2D0",4.0,1.0,"NONE"
788,"784EF86B34E7",1.0,2.0,"COMPLETED"
584,"7854354FFC63",1.0,2.0,"NONE"
106,"7871AA9DD084",1.0,2.0,"NONE"
858,"788605FA78E3",5.0,2.0,"NONE"
989,"78B70E4F2601",4.0,1.0,"COMPLETED"
571,"78DE1881B331",1.0,2.0,"NONE"
549,"79409BE1102D",6.0,1.0,"NONE"
975,"7949C5218FD5",3.0,2.0,"NONE"
838,"796D385FDBF8",5.0,2.0,"COMPLETED"
563,"79C116F98641",3.0,2.0,"NONE"
817,"7A26BADAAED8",2.0,2.0,"NONE"
978,"7A89D7197A23",3.0,2.0,"COMPLETED"
583,"7AA894032868",4.0,1.0,"NONE"
437,"7AC55AD8DB89",2.0,2.0,"NONE"
613,"7AF8D2A3201F",3.0,2.0,"COMPLETED"
828,"7B093209362E",4.0,2.0,"NONE"
696,"7B3C7D120C7A",4.0,2.0,"COMPLETED"
447,"7BB547276B1E",2.0,1.0,"NONE"
283,"7C711505EC7E",5.0,1.0,"NONE"
145,"7CC1CEAE852E",1.0,2.0,"NONE"
167,"7CDCD2A3CC30",1.0,2.0,"NONE"
932,"7CF1A68E71B8",5.0,1.0,"COMPLETED"
671,"7D39374EC805",2.0,1.0,"NONE"
95,"7D40083BCBC1",4.0,1.0,"NONE"
194,"7D90E0B4EBDF",2.0,1.0,"NONE"
930,"7E12EF45845C",1.0,2.0,"NONE"
687,"7EDBB8F1D71C",1.0,2.0,"NONE"
517,"7F0F1226035E",4.0,2.0,"NONE"
301,"7F5A13CFBDA0",3.0,1.0,"NONE"
499,"80EB2329985A",5.0,2.0,"NONE"
373,"81767BB9205A",3.0,1.0,"NONE"
995,"81B7756E2D7C",6.0,2.0,"COMPLETED"
744,"81EA5AACAE62",2.0,2.0,"NONE"
477,"81F77091A590",1.0,2.0,"COMPLETED"
598,"8238B886DBAC",1.0,1.0,"COMPLETED"
507,"82940E318886",1.0,2.0,"COMPLETED"
695,"82B43EA3DA70",2.0,2.0,"NONE"
339,"832D9942C6B8",6.0,1.0,"NONE"
703,"83D31445FEF4",6.0,1.0,"NONE"
692,"8436CBC3C15C",3.0,2.0,"NONE"
615,"8438496CD8B9",1.0,1.0,"COMPLETED"
977,"845B9B607D99",4.0,2.0,"NONE"
375,"84A35900FBAB",2.0,1.0,"COMPLETED"
372,"84AD2EBE3EB3",1.0,2.0,"COMPLETED"
722,"84B769FB0573",4.0,2.0,"COMPLETED"
809,"850118A768B7",6.0,2.0,"NONE"
890,"850F8A790B75",3.0,2.0,"COMPLETED"
553,"8539A389EC5D",4.0,2.0,"NONE"
463,"85D341012F75",4.0,2.0,"NONE"
209,"8618601C8824",4.0,1.0,"NONE"
669,"869A0ACEB1DE",2.0,2.0,"COMPLETED"
288,"86E3CAC49AB9",1.0,2.0,"NONE"
599,"86E579B6A0FB",5.0,1.0,"NONE"
920,"8790EA6B8CDE",4.0,2.0,"NONE"
125,"87CA803A0EA2",1.0,1.0,"NONE"
943,"87F1C2D9475D",4.0,2.0,"NONE"
428,"87F427094745",1.0,1.0,"COMPLETED"
807,"885AFA4179F4",4.0,2.0,"NONE"
614,"888DAF19A48E",4.0,2.0,"NONE"
582,"89F1B077BA34",4.0,2.0,"NONE"
494,"89F994C48FD1",6.0,2.0,"NONE"
626,"8A4C29C07972",2.0,2.0,"COMPLETED"
771,"8A8F66A1F44A",3.0,2.0,"NONE"
934,"8A94506388C0",3.0,1.0,"COMPLETED"
395,"8A952A2D7D1A",4.0,2.0,"NONE"
839,"8AEB22EA9D82",2.0,2.0,"COMPLETED"
515,"8B0D05E5DFAB",4.0,1.0,"NONE"
492,"8B1B5F3FDEB2",1.0,1.0,"NONE"
990,"8B22437CACFD",5.0,2.0,"COMPLETED"
734,"8B3A9E1DC751",5.0,2.0,"COMPLETED"
362,"8BC7D3CA2209",6.0,1.0,"NONE"
94,"8BF820548DED",1.0,2.0,"NONE"
325,"8C95992C1D85",4.0,2.0,"NONE"
331,"8CC38609E32B",2.0,2.0,"NONE"
361,"8CC9C9B495DD",1.0,2.0,"NONE"
208,"8D0AD0B0F306",3.0,2.0,"NONE"
158,"8D33C0362397",2.0,1.0,"NONE"
636,"8DD3D758A61A",3.0,1.0,"COMPLETED"
763,"8E1E147D6666",6.0,1.0,"COMPLETED"
957,"8E407B81CF7E",4.0,2.0,"NONE"
202,"8EEC776A43D9",3.0,1.0,"COMPLETED"
729,"8F0644B7C78E",3.0,2.0,"NONE"
358,"8F6780D2A492",1.0,1.0,"COMPLETED"
431,"8F98FAED8372",3.0,2.0,"NONE"
597,"8FA43DD771B2",3.0,2.0,"COMPLETED"
965,"9010C0B8DDBD",5.0,2.0,"COMPLETED"
284,"90110B2C38E6",4.0,1.0,"NONE"
245,"9051B7C03F73",4.0,1.0,"COMPLETED"
6,"90F347125D27",2.0,1.0,"NONE"
50,"91171C440411",2.0,1.0,"COMPLETED"
266,"91B34C69D0A6",4.0,2.0,"NONE"
276,"920E90292BFF",4.0,1.0,"NONE"
784,"921550861CAA",6.0,1.0,"NONE"
409,"922109685F29",3.0,1.0,"NONE"
579,"92CF2A874655",4.0,2.0,"NONE"
312,"92CFA0704F8C",5.0,2.0,"NONE"
632,"92F0728236CC",3.0,2.0,"COMPLETED"
741,"930AAA9B8074",1.0,2.0,"COMPLETED"
268,"932F0D2360F8",5.0,2.0,"NONE"
701,"933F864098BB",1.0,2.0,"COMPLETED"
498,"934D314D8F45",4.0,2.0,"NONE"
102,"93D484D71799",1.0,2.0,"NONE"
524,"94234B8A48F4",2.0,2.0,"NONE"
275,"9478F8191330",1.0,2.0,"NONE"
999,"947C271E8FDC",5.0,2.0,"COMPLETED"
427,"9495216FD8AA",4.0,1.0,"NONE"
623,"94975EB1D5FF",3.0,1.0,"NONE"
873,"94BE06351E17",4.0,2.0,"COMPLETED"
853,"94C322D12EAA",3.0,2.0,"COMPLETED"
933,"94D4574C3B0D",5.0,2.0,"NONE"
4,"9508878DBECD",2.0,2.0,"NONE"
600,"950C36E7E880",1.0,2.0,"NONE"
65,"951579EA153B",4.0,2.0,"NONE"
218,"9555F6ACDE13",3.0,2.0,"NONE"
795,"959495040897",1.0,1.0,"NONE"
292,"95FE8B6700A3",3.0,1.0,"NONE"
323,"96330EDCA9EC",3.0,2.0,"COMPLETED"
511,"964AAAB6B273",3.0,2.0,"COMPLETED"
35,"972D3C8707CB",3.0,1.0,"NONE"
203,"975B6F95D4AE",4.0,2.0,"NONE"
32,"975C897407C7",4.0,1.0,"NONE"
211,"97DA59B1F1C8",5.0,2.0,"NONE"
42,"9825D0BC400A",3.0,1.0,"NONE"
648,"98C57B1D2E5C",2.0,2.0,"NONE"
86,"993F208CAFA0",1.0,2.0,"COMPLETED"
129,"99610D179BB1",1.0,2.0,"NONE"
138,"99658306486E",6.0,1.0,"NONE"
297,"9A1460731552",4.0,2.0,"NONE"
58,"9AB24E51F16A",1.0,2.0,"NONE"
425,"9ABD506FE024",2.0,2.0,"NONE"
754,"9AC3A9DEE300",3.0,2.0,"COMPLETED"
973,"9B1A3F4C18BD",3.0,2.0,"NONE"
551,"9B5005FD8A1B",1.0,1.0,"NONE"
402,"9C340292AC83",2.0,2.0,"COMPLETED"
641,"9C50571B35D7",3.0,1.0,"NONE"
27,"9C6A00155CAC",1.0,2.0,"COMPLETED"
457,"9CE51413C045",1.0,1.0,"NONE"
944,"9D0F9CA02EE7",4.0,2.0,"COMPLETED"
595,"9DA62A96796F",4.0,1.0,"COMPLETED"
574,"9DBF6C7E95C5",3.0,2.0,"NONE"
575,"9DD832A8F1AA",2.0,2.0,"NONE"
534,"9DDCF587CCEB",3.0,1.0,"NONE"
242,"9DF2F5473FA8",4.0,1.0,"NONE"
309,"9E11F1395DE2",6.0,1.0,"NONE"
341,"9E1BAE3EFE7D",1.0,1.0,"NONE"
773,"9E51BE31D56D",3.0,1.0,"NONE"
136,"9E9A6347A464",3.0,2.0,"NONE"
13,"9EE483033922",2.0,2.0,"NONE"
725,"9EF30BB08016",3.0,1.0,"COMPLETED"
333,"9F4D737752D8",3.0,1.0,"NONE"
833,"9F97989FCF38",4.0,2.0,"COMPLETED"
135,"A02902536932",5.0,1.0,"NONE"
954,"A04586F90A7E",2.0,2.0,"NONE"
359,"A09DB2B3F507",3.0,2.0,"COMPLETED"
848,"A0E856172798",6.0,2.0,"NONE"
739,"A1099A67BA1C",1.0,2.0,"NONE"
581,"A10DAD7189E6",5.0,2.0,"NONE"
746,"A16B78F7FB62",5.0,2.0,"COMPLETED"
423,"A21613612F0D",6.0,2.0,"NONE"
46,"A2C38CA3E744",3.0,2.0,"NONE"
396,"A2D8C0C04E1E",4.0,2.0,"COMPLETED"
663,"A2F665623C4F",5.0,2.0,"COMPLETED"
219,"A2FFFCBD3D99",4.0,2.0,"NONE"
742,"A37DB832B74A",5.0,2.0,"NONE"
173,"A3A5558121AA",3.0,2.0,"COMPLETED"
527,"A3CCABFB4B5C",1.0,2.0,"NONE"
946,"A3CDEB58BAA6",3.0,2.0,"COMPLETED"
777,"A49A7C8E020F",4.0,1.0,"COMPLETED"
201,"A49C2A63E851",3.0,2.0,"NONE"
868,"A4DDF2611E1B",4.0,2.0,"COMPLETED"
454,"A4FD384F7256",1.0,1.0,"NONE"
714,"A547CBA4D950",6.0,1.0,"COMPLETED"
412,"A599129D0F26",5.0,1.0,"NONE"
228,"A5A44CFE114D",3.0,2.0,"NONE"
487,"A5BFA723B10C",1.0,1.0,"COMPLETED"
451,"A5FB48C78B4B",5.0,2.0,"NONE"
41,"A62CF1A934EB",3.0,1.0,"COMPLETED"
869,"A68B565F7563",3.0,2.0,"NONE"
596,"A6F110D43D3E",2.0,2.0,"COMPLETED"
881,"A70181EB606E",6.0,1.0,"COMPLETED"
928,"A722B4A41DA5",5.0,2.0,"COMPLETED"
816,"A72A4B827F1F",4.0,2.0,"NONE"
162,"A7522D288698",3.0,1.0,"NONE"
802,"A7C2EE515FB8",4.0,1.0,"COMPLETED"
758,"A804470B0878",4.0,2.0,"COMPLETED"
914,"A93879718E9D",3.0,2.0,"COMPLETED"
100,"A94491B61F15",5.0,2.0,"NONE"
658,"A94B66617C21",1.0,2.0,"COMPLETED"
850,"A9A1C46CCD43",5.0,2.0,"NONE"
311,"A9CCF5316DB5",3.0,1.0,"NONE"
483,"AA4108492775",1.0,2.0,"NONE"
621,"AA7288A8359C",1.0,2.0,"NONE"
572,"AA7E547E96F1",4.0,2.0,"NONE"
606,"AA8CD3D4EF3A",3.0,2.0,"NONE"
964,"AABDA9BE3390",3.0,2.0,"COMPLETED"
91,"AB0D7FB833BB",3.0,1.0,"NONE"
926,"AB4746B271B3",3.0,1.0,"COMPLETED"
665,"ABAD74B3A465",3.0,2.0,"COMPLETED"
577,"ABD6FC557089",2.0,2.0,"COMPLETED"
192,"ABD89FE93EC2",4.0,2.0,"COMPLETED"
880,"AC24B8F7F056",4.0,2.0,"NONE"
397,"ACCB4E96A23C",3.0,2.0,"NONE"
388,"ACE9A55708FE",2.0,2.0,"COMPLETED"
716,"AD59DD156E95",1.0,2.0,"NONE"
289,"ADEA1A9BDA25",5.0,2.0,"NONE"
601,"AE6DD4190E1A",1.0,2.0,"NONE"
826,"AE79A2647B1A",4.0,2.0,"NONE"
951,"AF3AD9493150",5.0,2.0,"COMPLETED"
780,"AF844C87F237",4.0,2.0,"COMPLETED"
171,"B03A186B6F6A",2.0,1.0,"NONE"
948,"B085E265E830",2.0,2.0,"COMPLETED"
438,"B0EEAAF4FAEF",2.0,2.0,"NONE"
769,"B0F071BE0C1D",4.0,2.0,"NONE"
624,"B0F3DAF53680",2.0,1.0,"NONE"
871,"B0F469323C07",4.0,2.0,"COMPLETED"
99,"B10E0949211E",4.0,1.0,"NONE"
814,"B11DB932EAF4",3.0,2.0,"NONE"
249,"B15BD476EEBC",4.0,1.0,"COMPLETED"
291,"B22935154156",4.0,1.0,"NONE"
670,"B303BB730654",5.0,1.0,"COMPLETED"
259,"B340B10A3EA0",2.0,1.0,"COMPLETED"
952,"B374656E7427",2.0,2.0,"COMPLETED"
728,"B3852DFAC7E0",2.0,2.0,"NONE"
847,"B3B622408D13",4.0,2.0,"COMPLETED"
256,"B3FC3CAE4EA9",3.0,2.0,"COMPLETED"
45,"B3FC85821768",2.0,1.0,"NONE"
154,"B40031E14282",3.0,1.0,"NONE"
782,"B4252DADA10F",4.0,2.0,"NONE"
69,"B42989CE5DB9",2.0,2.0,"COMPLETED"
767,"B530265E2540",5.0,1.0,"COMPLETED"
981,"B55DE8FD219E",6.0,2.0,"NONE"
504,"B56E329AAA43",1.0,1.0,"COMPLETED"
768,"B5762A3F177E",5.0,2.0,"COMPLETED"
900,"B5A0C46A7724",3.0,1.0,"NONE"
132,"B6216E2EADCE",2.0,1.0,"NONE"
799,"B68618EBE61A",2.0,2.0,"COMPLETED"
940,"B6EA96E03FF2",5.0,1.0,"COMPLETED"
587,"B77EDAA37689",5.0,2.0,"NONE"
433,"B79537E22F9F",5.0,1.0,"NONE"
834,"B7B4ACCB8AFF",5.0,2.0,"NONE"
5,"B814C88DED05",1.0,1.0,"NONE"
206,"B86511A16115",5.0,1.0,"NONE"
983,"B875D6F4F4B3",3.0,2.0,"COMPLETED"
681,"B8C8AA0F6A72",4.0,2.0,"NONE"
43,"B8E247196BF6",4.0,1.0,"NONE"
719,"B92F5B2EFB11",1.0,2.0,"COMPLETED"
580,"B944854DBA45",2.0,2.0,"NONE"
979,"B9908308D2A4",3.0,1.0,"COMPLETED"
258,"B9BA665B319A",4.0,2.0,"NONE"
823,"B9D6C7F5FF5A",2.0,2.0,"COMPLETED"
608,"BA0433D8A643",1.0,2.0,"COMPLETED"
673,"BA41D2DBD884",3.0,2.0,"NONE"
419,"BA9D19F0E1C1",4.0,2.0,"NONE"
806,"BAC092D4164D",5.0,2.0,"NONE"
157,"BACB506B8512",2.0,1.0,"NONE"
993,"BB0F6ABDD3BF",5.0,2.0,"COMPLETED"
115,"BB3CCFB22F7B",2.0,1.0,"NONE"
618,"BB7035BF4ADA",3.0,2.0,"COMPLETED"
533,"BBA2B77408F2",2.0,1.0,"COMPLETED"
987,"BC3151E8C08B",3.0,2.0,"NONE"
392,"BCAD2AF6F5E7",2.0,1.0,"COMPLETED"
482,"BD27CE6F9E0E",3.0,2.0,"NONE"
398,"BD5932B3BD71",1.0,2.0,"NONE"
371,"BD9E59C0DC39",5.0,2.0,"COMPLETED"
668,"BDB1E4A411D2",1.0,1.0,"NONE"
103,"BDE86DC495C6",2.0,1.0,"COMPLETED"
20,"BE87DF6C173F",2.0,1.0,"COMPLETED"
351,"BEEF12C482D0",6.0,2.0,"NONE"
61,"BF0DAF397AD5",2.0,1.0,"NONE"
760,"BF55A2C58A1B",2.0,2.0,"NONE"
128,"BFAC1D129ED3",4.0,2.0,"NONE"
182,"BFF287E77E33",1.0,1.0,"COMPLETED"
844,"C01EAFEA58A1",2.0,2.0,"NONE"
864,"C0D9D57CDFB5",5.0,2.0,"COMPLETED"
357,"C0E6B3F5D132",2.0,1.0,"NONE"
459,"C0FFC751B751",3.0,1.0,"NONE"
573,"C109B259FCA1",4.0,2.0,"NONE"
531,"C123348C8D52",3.0,2.0,"COMPLETED"
635,"C138FF071BC1",3.0,2.0,"COMPLETED"
627,"C13AC580A790",4.0,2.0,"NONE"
939,"C158F8DC25B8",6.0,2.0,"COMPLETED"
486,"C184023552D8",6.0,1.0,"NONE"
779,"C1951B0A66DE",5.0,2.0,"COMPLETED"
169,"C19CF10E0311",2.0,1.0,"COMPLETED"
684,"C1F066AD475D",2.0,2.0,"NONE"
407,"C1FE5D19F013",4.0,2.0,"NONE"
735,"C23B5A073A81",6.0,1.0,"NONE"
651,"C2719A2BC6E0",6.0,1.0,"NONE"
230,"C27A73C1E958",5.0,1.0,"NONE"
633,"C29BC720D6C6",4.0,2.0,"NONE"
274,"C3061BF79477",1.0,2.0,"NONE"
647,"C3A1689DC962",2.0,2.0,"NONE"
927,"C3CD4332FA2E",1.0,2.0,"COMPLETED"
269,"C3D918FD62E0",4.0,1.0,"NONE"
756,"C44DAB2103DD",2.0,2.0,"NONE"
23,"C46132201669",3.0,1.0,"COMPLETED"
680,"C47F958ADF64",2.0,1.0,"NONE"
440,"C4EE54CE9551",3.0,2.0,"NONE"
846,"C5B96B45072B",5.0,1.0,"NONE"
705,"C616172759E8",5.0,2.0,"COMPLETED"
867,"C6CC75D21FD5",6.0,2.0,"COMPLETED"
519,"C742FB8EA4AB",3.0,1.0,"NONE"
193,"C782923511BF",1.0,2.0,"NONE"
261,"C81E93B1C0AC",3.0,2.0,"NONE"
889,"C8574C60065B",5.0,2.0,"COMPLETED"
781,"C8744326ED44",3.0,2.0,"NONE"
11,"C89576B45391",5.0,1.0,"NONE"
80,"C8D9B82062BF",3.0,1.0,"NONE"
122,"C8F0B3D5312C",2.0,1.0,"NONE"
166,"C91925B8883D",3.0,1.0,"NONE"
966,"C9211E914C49",4.0,2.0,"COMPLETED"
243,"C9254BEBC1E0",4.0,1.0,"COMPLETED"
664,"C956E9858E3E",5.0,2.0,"NONE"
272,"C995E6225DB5",5.0,1.0,"NONE"
330,"C99E2A998253",1.0,2.0,"NONE"
589,"C9D5EA88E5F8",3.0,2.0,"NONE"
764,"CA030BFFD583",3.0,2.0,"NONE"
513,"CA5AEBCB2524",6.0,1.0,"COMPLETED"
387,"CB0BA8AFDD70",6.0,1.0,"NONE"
905,"CB23C2947084",1.0,2.0,"NONE"
702,"CB25069087C9",3.0,2.0,"NONE"
707,"CB6391C19F30",3.0,1.0,"NONE"
693,"CBDFAF9B7616",1.0,2.0,"COMPLETED"
227,"CBF82FFD35DE",1.0,1.0,"COMPLETED"
727,"CBFFD6EA6552",1.0,2.0,"NONE"
97,"CC1C1725F728",1.0,2.0,"NONE"
476,"CC2F443C5C99",1.0,1.0,"NONE"
908,"CC2F6B0D91F4",5.0,2.0,"NONE"
724,"CC3F9DA412EB",3.0,2.0,"NONE"
903,"CCFB414E82E8",4.0,2.0,"COMPLETED"
770,"CCFC6B4B6798",3.0,1.0,"NONE"
637,"CD06AE4F3639",4.0,2.0,"NONE"
181,"CD1065DD9120",2.0,2.0,"NONE"
529,"CD18750B1755",4.0,1.0,"COMPLETED"
350,"CD62C0037B30",2.0,1.0,"COMPLETED"
443,"CD8FB8898D24",6.0,2.0,"NONE"
408,"CD9944E34A1B",3.0,2.0,"COMPLETED"
576,"CDD5C84A6CFC",6.0,2.0,"NONE"
737,"CDF2F698C392",5.0,2.0,"COMPLETED"
656,"CE3C4FE15187",6.0,2.0,"NONE"
774,"CE48DF40E321",2.0,1.0,"NONE"
189,"CED46B7954A8",2.0,2.0,"NONE"
114,"CF51A52CD06A",1.0,1.0,"NONE"
561,"CF98716BC4C6",3.0,2.0,"COMPLETED"
732,"CFA5E0229773",3.0,2.0,"NONE"
229,"D04CD3B2E453",4.0,1.0,"NONE"
753,"D0ADAEEBDA9F",2.0,2.0,"COMPLETED"
73,"D0B0F313C535",3.0,2.0,"COMPLETED"
300,"D11B4FDCE6FC",1.0,1.0,"NONE"
464,"D128D6CBA66A",2.0,2.0,"NONE"
17,"D132A9371F5A",1.0,1.0,"NONE"
235,"D271E08199D1",5.0,1.0,"NONE"
356,"D297CAC662B1",4.0,2.0,"NONE"
749,"D2CD4A9C4E2C",1.0,1.0,"NONE"
224,"D2FBBE842488",2.0,1.0,"NONE"
622,"D2FFDDE96F7B",3.0,1.0,"COMPLETED"
925,"D345B1BE6187",5.0,2.0,"COMPLETED"
963,"D34FAAA5668C",6.0,2.0,"NONE"
337,"D370FD74A8D1",3.0,2.0,"COMPLETED"
296,"D38F05E656BA",3.0,2.0,"NONE"
503,"D39427F2F8C2",4.0,1.0,"COMPLETED"
745,"D3A656E62F7B",4.0,1.0,"NONE"
420,"D3B75D5A27F7",4.0,2.0,"NONE"
757,"D3FB1811A60B",2.0,1.0,"NONE"
368,"D40F05782253",3.0,2.0,"NONE"
462,"D489D7FD445B",2.0,2.0,"COMPLETED"
370,"D4FFA9CDD071",4.0,2.0,"NONE"
124,"D5340932D27E",5.0,2.0,"NONE"
518,"D63633E80D95",2.0,2.0,"NONE"
508,"D6B2B541E861",2.0,2.0,"NONE"
798,"D8041D85C9AC",4.0,2.0,"COMPLETED"
743,"D80CEC6DAF4C",3.0,2.0,"NONE"
385,"D834CCCC7EAE",2.0,1.0,"NONE"
516,"D856824B08C5",1.0,2.0,"COMPLETED"
854,"D9CC11ECB4CD",4.0,2.0,"COMPLETED"
310,"D9FCACCA0258",1.0,2.0,"COMPLETED"
540,"DA30D2997CD0",2.0,2.0,"NONE"
352,"DA4A1D845E53",2.0,2.0,"COMPLETED"
537,"DA5D0EE8390E",1.0,2.0,"COMPLETED"
916,"DAADC4661AC4",3.0,2.0,"NONE"
343,"DAF574DC1DCC",2.0,1.0,"NONE"
891,"DAFE21A78436",4.0,2.0,"NONE"
612,"DB000515888C",6.0,2.0,"COMPLETED"
568,"DB0C9DBC1132",4.0,2.0,"NONE"
542,"DB9A0DC0BED4",4.0,2.0,"NONE"
947,"DBAAC7297A6A",4.0,1.0,"COMPLETED"
654,"DBF6650049AE",3.0,1.0,"COMPLETED"
384,"DC16EE01489C",1.0,1.0,"NONE"
455,"DCBC3F1A9843",4.0,2.0,"NONE"
922,"DCF9EF4295F6",3.0,2.0,"COMPLETED"
474,"DD07CD125535",5.0,2.0,"NONE"
142,"DE272CCB97E4",3.0,1.0,"NONE"
884,"DE33DEC4FDCD",3.0,2.0,"COMPLETED"
75,"DEFE4FA15059",2.0,1.0,"NONE"
314,"DF7E31538559",1.0,2.0,"NONE"
836,"E0648B7ECCC1",5.0,2.0,"NONE"
93,"E0B7E82AB286",3.0,2.0,"NONE"
239,"E0C4F7D14B55",4.0,2.0,"NONE"
104,"E18AB12AB162",4.0,2.0,"NONE"
401,"E1E4E56C0276",6.0,1.0,"NONE"
564,"E2258E4F09CA",2.0,2.0,"NONE"
15,"E235C07F2441",1.0,1.0,"COMPLETED"
813,"E243123D40A3",2.0,2.0,"COMPLETED"
237,"E26EB2269D25",1.0,1.0,"COMPLETED"
98,"E31B8A46282D",1.0,2.0,"NONE"
254,"E336763331F2",4.0,2.0,"NONE"
525,"E38759EE6B1A",3.0,1.0,"NONE"
679,"E4D12A1EC897",4.0,2.0,"NONE"
676,"E4D35FFFEE48",1.0,2.0,"NONE"
686,"E513901FA3C6",4.0,1.0,"NONE"
831,"E5A602A9BE24",1.0,2.0,"COMPLETED"
252,"E5C92545045F",1.0,2.0,"NONE"
521,"E64E600928E1",2.0,2.0,"NONE"
929,"E6685CBEABBA",6.0,2.0,"NONE"
329,"E6B17B9C62AB",2.0,2.0,"NONE"
210,"E73A11C8FA77",3.0,1.0,"NONE"
76,"E7436BC28858",1.0,1.0,"NONE"
121,"E7A6F35016F2",3.0,2.0,"COMPLETED"
248,"E7AFE8B0FC13",2.0,1.0,"NONE"
840,"E8450AABFAE0",2.0,1.0,"COMPLETED"
452,"E898000312DC",2.0,2.0,"COMPLETED"
403,"E93F19AAA1E1",3.0,2.0,"NONE"
349,"E9442F4653E3",4.0,2.0,"NONE"
675,"E955849C4B86",1.0,2.0,"NONE"
382,"E958CBC5FFF7",3.0,1.0,"COMPLETED"
740,"E977EE1D149C",6.0,2.0,"NONE"
342,"E982335D6BCA",1.0,1.0,"COMPLETED"
710,"E99ED75412EA",1.0,1.0,"NONE"
306,"E9A4A3D1A455",5.0,1.0,"NONE"
84,"E9C5A0CE239F",1.0,2.0,"COMPLETED"
566,"EA1892100CDF",3.0,2.0,"NONE"
22,"EA35CA02E260",1.0,2.0,"NONE"
592,"EA4D0B05736A",2.0,1.0,"COMPLETED"
77,"EA94E2C3709E",2.0,2.0,"COMPLETED"
895,"EA97055B693D",2.0,1.0,"COMPLETED"
101,"EAD8E09DFA79",2.0,1.0,"NONE"
731,"EB60210EBD43",2.0,2.0,"COMPLETED"
53,"EBA8709921FF",4.0,1.0,"COMPLETED"
347,"EBFF21605CC6",2.0,2.0,"NONE"
448,"ECC06C13AD29",2.0,1.0,"NONE"
66,"ECFFA2F3516B",2.0,2.0,"NONE"
910,"ED0E37CE9935",5.0,2.0,"NONE"
548,"ED1F7DB9F62E",5.0,2.0,"COMPLETED"
126,"EDC3ED6DC9A6",3.0,2.0,"COMPLETED"
85,"EDE430AD39D6",3.0,1.0,"NONE"
380,"EE9D165109EA",2.0,1.0,"NONE"
640,"EF10567A6D03",3.0,1.0,"NONE"
200,"EF35905E7B1F",3.0,2.0,"NONE"
506,"EF5CF3F7F42E",3.0,2.0,"COMPLETED"
442,"EFC8DCB1139C",1.0,2.0,"NONE"
994,"F00D3F11BCFE",4.0,2.0,"COMPLETED"
620,"F0714931CC06",2.0,2.0,"NONE"
285,"F09D1FCF3966",2.0,1.0,"NONE"
410,"F0D469E44A0F",1.0,2.0,"COMPLETED"
785,"F0E46D5B7AF1",1.0,2.0,"COMPLETED"
736,"F1421799A6B3",5.0,1.0,"COMPLETED"
726,"F14C07566C13",3.0,2.0,"COMPLETED"
165,"F1D0A5877494",1.0,1.0,"NONE"
888,"F21905D7B85A",5.0,2.0,"NONE"
617,"F27D5FAAB689",1.0,2.0,"NONE"
523,"F2A04EFE2C04",4.0,2.0,"NONE"
471,"F2D1D7DBD65F",1.0,2.0,"COMPLETED"
305,"F3003375BB3D",2.0,2.0,"NONE"
752,"F3114277CE37",5.0,2.0,"COMPLETED"
195,"F368AD373F48",5.0,1.0,"NONE"
872,"F373F78C6D5F",4.0,2.0,"COMPLETED"
44,"F3A66D61CE56",1.0,1.0,"NONE"
321,"F407302B4506",3.0,2.0,"NONE"
40,"F43FDFEB98FA",1.0,2.0,"NONE"
554,"F4835D2A718B",6.0,2.0,"NONE"
857,"F4B18EB4652C",3.0,2.0,"COMPLETED"
662,"F50EFA167C35",3.0,2.0,"NONE"
432,"F5221FAF3D22",1.0,1.0,"COMPLETED"
829,"F5298C3969C6",4.0,2.0,"COMPLETED"
365,"F54D045537F4",2.0,2.0,"NONE"
505,"F584055FF5BB",3.0,1.0,"COMPLETED"
556,"F5BF6241319E",3.0,1.0,"NONE"
302,"F61EF2F86206",1.0,2.0,"NONE"
667,"F62BA0EBE1F4",4.0,2.0,"COMPLETED"
178,"F62CEF9005D6",3.0,1.0,"NONE"
904,"F69A0BA4F672",5.0,2.0,"COMPLETED"
585,"F707B7C6FBC0",1.0,2.0,"COMPLETED"
697,"F70C456BED4E",3.0,2.0,"COMPLETED"
797,"F73D7D73A788",6.0,2.0,"NONE"
290,"F7CFBA05F4A7",1.0,1.0,"COMPLETED"
172,"F817F2CC6CD9",5.0,2.0,"NONE"
480,"F83EBC9F4C13",3.0,1.0,"NONE"
708,"F8E503B20A19",1.0,2.0,"NONE"
139,"F995C3B84455",3.0,2.0,"NONE"
650,"F9994998CC67",5.0,2.0,"NONE"
824,"F9B0DC5C7DF1",3.0,2.0,"NONE"
56,"F9BB6DFB6871",4.0,1.0,"NONE"
811,"F9E063FA0533",4.0,2.0,"NONE"
113,"FAB8D651298F",3.0,1.0,"NONE"
475,"FABB79BBEF58",5.0,1.0,"NONE"
62,"FACB636DFE8B",1.0,2.0,"NONE"
207,"FB2C3926D4EF",3.0,2.0,"NONE"
317,"FB92FD5CDD33",2.0,2.0,"NONE"
578,"FBAC0A9BF036",4.0,2.0,"NONE"
30,"FC37FD84A71D",5.0,1.0,"NONE"
308,"FC51978DBF62",1.0,2.0,"NONE"
60,"FCD19E14F00F",3.0,1.0,"NONE"
496,"FCF0690076CC",5.0,2.0,"NONE"
886,"FCF3BECE85DB",3.0,2.0,"NONE"
607,"FD0C41A0A1D0",3.0,2.0,"COMPLETED"
538,"FD9405EDC3A4",3.0,2.0,"NONE"
340,"FDA4D0DDDE7F",1.0,2.0,"NONE"
514,"FDC96A87583F",2.0,1.0,"COMPLETED"
26,"FDDB4FCD74E7",2.0,2.0,"NONE"
532,"FDF6FE283A49",3.0,2.0,"NONE"
691,"FDFB401FB111",3.0,2.0,"NONE"
827,"FE3AA8261DD9",3.0,2.0,"COMPLETED"
590,"FE6802584ED3",2.0,2.0,"NONE"
465,"FEE71DB64712",1.0,2.0,"NONE"
390,"FEF58C35727E",5.0,1.0,"NONE"
921,"FF22577E45D8",4.0,2.0,"NONE"
688,"FF22679D9BC8",3.0,2.0,"COMPLETED"
